Id,Class
4y09ZDr5jWIsNSfkFHzO,1
46ywoHZAMYPuqcbVQpUT,1
cUIv9fk2DdxBPrCZqVzH,1
1DNWriJEg56S03yvjTBu,1
G0xmghzaP9n2HUCNlKFZ,1
IOTdy6SHm7cbqPxoLUaw,1
J60pcjxyK7G2SoCsPVZz,1
Bn4qL6IGzW7xPaiy5kFN,1
bUBIJjfCntiQRvzh416F,1
1ckp5Ye83yzjIilWQCfm,1
g6WEbHmcKApIY3rsZqzo,1
5TYzgLhQumXGqJe83bDn,1
hlTE3pVwMCnKFyNIdR0i,1
esXbGRDMpEzTQV5gIiaU,1
e1UvAFY3h0J7n8MdL4EV,1
ju23GQl4DYFVeNwc85ka,1
i4mPZXrJRahKbxDCTIvu,1
EdoAPfeszUw7qQGYIOal,1
E9zHekMCv1oTD6yjrI3W,1
6bu0NZAsYoiUlCjEyH4X,1
kDj1KVgGfTIFWPX9idoc,1
g9EOBe1tr5a3dUhLn2zu,1
CR9GPyMf7ASTVdHWvoX2,1
iWScf1VBXaT78d5qDJFY,1
HExR2koQaZOBwnK4qU8m,1
JvYAOiUV3zbkR6hEdCDm,1
Gq5fwFsb7cHlhy2zTO9I,1
fdrMk83KcW97TIizZXCF,1
85lCRjIZmV670qYBJSNo,1
jUK5O9P6bJSAiMD0ofQy,1
HPN2K5809L4JV6F1c3rt,1
jxDGoTHUWQeLfakytdO5,1
1TKPznCeQg9cHYflavwb,1
Cqp8ldvL5XeDs2nwFIV6,1
FZVH8l3PLuyKCqW0me62,1
gbpQC3mJrM0Ho418PR7W,1
3xhmsIkdn7FPL4G9a0Qg,1
hlIJLBno6yzq5sj84mfD,1
FURh5Tif1jXCzZGqlHyN,1
BhQ38lHiDYTZUVbyonKF,1
hSzLbFyUMc7Z2NCAd4EV,1
dCEqh8eBojWtI5gzR9yZ,1
eXFGUlRML6kdJfYu5a9h,1
5EwhdlmstoBPqi36ZUAN,1
2xXOy0GfquKYWIpsPa3n,1
28k1chbvla3x9HorWNnO,1
7Hpbm3GO2YECvoVQATt1,1
41wOoxNbCqTKQImafyDJ,1
6tMgf5pGIsvHSn83WZyx,1
hpbVtc5U0IS8LuGz3d2C,1
3zDoZM6sSC2E9X4dtlB5,1
DnmZzjur8OdgbvAJ9RxF,1
EUW4FKIaiOy15NrJv0RM,1
JFlNr7Vo458dMxwQz6nh,1
edQak1FWxm8oPXDvBAU3,1
8iZw1cMaPBr4RJzxlFXH,1
ADIq5LFowdEuPMOGXVcl,1
gmKLiC1aN48zVTEcvbeY,1
kaz4GujLsES3IDtnXc10,1
IyrwUl0Mb2ODRgcVJotp,1
5YnsX6MpV1tAx4o8ZIdU,1
9DzWroGaVL8i1ZUKFb4c,1
ePqHxpGIVMYKlj4DRJcC,1
9ldBHV2NJysZCeurLcam,1
jBAq9uw7KzWcE85yJMhd,1
IeyQM436SZoWp5ndGERg,1
K1rbQxOSzNHR2MdW4tgE,1
clykXHZJqdY05zKOmLae,1
cW5hky3FM0QIN8faz4B6,1
5mcXAfSQWlV43hb6Ns1d,1
5RfoZwcqXmDYSpEyNGF3,1
9tmX2JACrdeGWHkY3fwi,1
19zYbuW3XONcEedv7xUl,1
hvFfuWd0XleJ9gUYkqZ4,1
Ahf2RFO1D7nxtwWTGPl4,1
DRvMHLen1djpQZzrX9CI,1
I8CpwJOgDijPzEKxQ6UW,1
bU4AfGqVvWaCRJ1ZuB5p,1
Bmf4CXo9651TrigSbOjk,1
8cXfpniBZaYVAzg5xt19,1
cluw4HMDRQ7dhYIojUg6,1
IDAJBOwSRGzNd6icULMu,1
FzXcL7Rxhj3mT9tlCp4k,1
gnJEALKUuqpMFItHRVzy,1
gSiFR8BO7lV1tjU0eMPb,1
4pehWH6b9IgL3ZF7uJCG,1
fTWrspAEHwnNFdCh57oV,1
JZxp9mEVqv81h4s2YkCD,1
EK40kDNbX1H7ALSu8ZOz,1
7CAzl4vfXB9jtU5eaSPV,1
9IRyEnuKQWOrlsY3tAp7,1
KAEeGNIw967T5pHFhMQd,1
6SMZ0wGN2p3hv9rFEVcb,1
fn2sqVuRcbvEH90ZK47x,1
0NyfGXt8nmlK72Q9Irhs,1
A7fDZiS6LavrYlsRGhwj,1
csiyQIjSzhrTfGtYKlq5,1
93qwE6DU817h5JxGBn4d,1
BnVZpMdlJKEvXx0Q6HCo,1
4TERbWHyu2GCfxmgvF39,1
CSd9xghUeLkpPtcwJKIq,1
CMG026XfShmn3FlwkaEi,1
gIznX7hZEtuYwfAsNVGT,1
fi4BrAl2QgjNsaubUJSE,1
Bu6mavPcgfkURx4Fp8LY,1
hait9S86Wk4PR7eBmXOF,1
GFVUryQSjKEPM5pqs9h2,1
2M9jHWhCOGBtY4Jbsvcy,1
2riyIFwQHLl3GnakxJEj,1
80G5QtOzNdR9CVxTJ3Uv,1
AH39VUEteRv0NKxObQky,1
jh52ewVcq8xryIFuCRJW,1
gnfdqj5h8rkxUDzJ4obe,1
ixy8u5ZQrBm61S3LPOhH,1
JEULek2arB86vPXS0lDW,1
gvtDf5RS9hjuPWTOlZdn,1
cCtXa0KsdmPuFIgfBN9M,1
7zygNrKJ614ea2vuSlBk,1
gIb13FBH4YAQJt2dfveX,1
IxJlZRtd9nWmAU8N6kci,1
4mETUDblC7Ffhq5yoK8c,1
jGeSITtdnpmlb3LYRvZu,1
8p7F2yktHj4Sxd5IPJDs,1
jsTnFQZN0zuGqAgcOfaS,1
fg2tzH9vWwYIsKEDjxJ3,1
a0IC5NMWt9HkBdfOZ8nK,1
7DNt8JzkhC5u3dfxnXLZ,1
jLrNDsQ3yo2kHORVSuIX,1
aXjOfx0UdRzWcvLu2rhN,1
h3EdyntkIm9wi0B7GH8g,1
DHC8dfnBFe51uchblZsk,1
JSFx0HrdvGqQ6WcCRoIg,1
bNT4jk68t5lZghy3HPcr,1
HM8jyTb7ioG9sSDn6htE,1
2DBKbxPnVCyiLzqAHU9c,1
Ici7gGFnMHENV45kD0tK,1
9KBhpLPe6o13q0QHMjk4,1
bLNmOAlhUHcBzatEePVj,1
A4xfRz73qWePOCnJ2Sya,1
h5qkERdnvU1xPWtSNQOi,1
cATwxq4GrYsZpWg3oOfk,1
A3sl2V6Zkbfv8NOQhotm,1
BKpbxgMPWUNZosdnO8Ak,1
ELbIP3i6rgW41Rl9phnZ,1
gO0h7udtqs4yaXNQAUPM,1
fCgvNxUcn7lsZiO0EjPI,1
9AFl6gbmVOB8zWPISnX0,1
CM53GutBya9do7piSRe0,1
8N0hVC6RFuGAdxJ4keKi,1
7DLNKwxjz5AoPZtcXrHB,1
H8dnb7uFRMm01jqDYWC3,1
iBT1K8E62rpmG73jN9VS,1
1u3PmQiD0bX6RcgoCNKe,1
CxlQ4HY35uPNJ6iLyaXk,1
bjFKyp5JTwGv6QV9gYAE,1
bGSHa59j3N4FhUotDQsk,1
EhSAMWFg7Uk5oqBfNlcC,1
hUnbTXPgD0SRmK9LVBu2,1
eCmdPkWwv7HGXZhtDFOT,1
ixhrw8fe7msycRaFKkdC,1
d0knbOi6IGAalTuPQjNC,1
Jt3kj7AHvPdRfL6yCh2n,1
C2spzDaAf6rwHJ4tBgFv,1
dnjpE4cXfYkTAUOVPaeL,1
bFZTc8dX7Uit5JAVLvBx,1
JriE9TlhQ2Y5OGwV0XZL,1
DoEYOjCZuGA3x4JSgW5d,1
ftHnLEAd5NPxpiybvqaY,1
cqGxW3T4aujrSBlIEzX9,1
kBoNGqDtARYyC6uz5V42,1
ACsEI5cSDYPJNXuLfnB7,1
F5nJCOIi49ZHxkAY2bBz,1
81ulAd7ac20I3FRTXeYr,1
JnHGRI2v5NuB9lpsEOCS,1
IjC7vkJo1dViZerbxwT0,1
1GQ4lzmoS3P96jkAKsRn,1
9aolB0uPHEbsIc2ny1Xk,1
6K8qujACMe4Q2GrzHRan,1
g6ZYW8n9iJToNFMS7QAy,1
i7pqWygtZDQLmHX9h3lx,1
CX7ol6EGO5dcu8pPirjI,1
atyecAsOdg0rzCXHNvxT,1
cqoIY36dhwfDNrnlHJsx,1
5a3BqXVrZdHKFeMiuyox,1
iT3Z0gxJOVtYuGDkdM1f,1
5QkxLnYPlrhFpwDCZ67W,1
CmqH2NFrlY4EyvzkTW1S,1
JSoqeuhRdWMs3G76lQp8,1
eRVLGHqrwDSMx1p8XKI9,1
4ACdoN6gKbsxJfklGT9Z,1
6LK1nVc8N7aHAyjbFWYT,1
JaADpqREb91ZhoCgIyTk,1
01kcPWA9K2BOxQeS5Rju,1
g4N1hd78brza3nYsHQfG,1
8iBGtATMYPI0cqpVC2d5,1
3AnwI4dqXDW8PQ7ijCKm,1
fRGWEv9TLIUOnhj0YV35,1
9IofdUYy4HPk5Vubwpn0,1
iz2uT5qrtRNcM3IJjAhb,1
IrptWDXsmNchYlV9wGuy,1
fMe1zLP0EGjFXQrbdCqs,2
Ctjp687wq1TJncfI9ZSi,2
3HljRUIAsgc25iJNBeqo,2
E0UuPpkYHzrZnSM6XbhC,2
9M2AykB8necp0RQSUowZ,2
KAsR7wJXd2Se4NEUfOtz,2
1ZfKbU4HjtQIpoElzDTC,2
cbLvyT5HKlrmDP60gE7W,2
C4VOaQKgkyhfcnNI3RsH,2
3jt6Y8zF1DHOvgKsTPqy,2
9463P7bjDcRnOYxeXAzN,2
gnhERVbMYOP134io5eAy,2
fz6TBt9AbedVuG4vrnma,2
h6dXO0barf1t94w3WHzN,2
1xX6oSqvPDVs0AdlI3iB,2
9fz4PwldU52rnkRbJ1Si,2
A7J3GKfu0rBE6MlTj81V,2
fMKS7QUA0HsYJ56DWxrZ,2
dclwUqBMsAQPvHS9KzpE,2
h8wnNSFs62cI7axUq0iK,2
6DmCqAs0tFKxGe5aPzlU,2
FdTt7i63rIxeSv1scBn0,2
7YugXlfMmCe1TNVnjkAx,2
hzrQCyf6qP72XZjATuBw,2
blv3hf75R6kcUoQtIC1Y,2
KMyXSocsnmOZIl0N1Pg2,2
c64G93TVZM258AUDSCka,2
dD7wzS4Hj3xt2eAqPLnc,2
kLPUQYKrA1jGsJdtS0bf,2
istyYHpm3WofMQLX0KBq,2
2ENGLoTqp5wy8YQcSUxK,2
75qSAohLWYb60Hs24NUF,2
2JpSgz3vxQqm9H4EIRhV,2
6fpDY54FlCsirwcZnTeR,2
JO58MAdl0WiuFk9zhspH,2
imjGPLrpKkesMR764noI,2
cfOjhHAekrZLs7GiCm4W,2
BVSHRsC20rP3z6ZLmfnK,2
6qzsP5lZoCW3KHIX9Uf7,2
6LmWsZA2e5dbfhR1SB4P,2
I2ZH0sW5hT4aDKwo9gR3,2
8zZyd3OPxpcw1NCRJBjo,2
ATfrBeFJV9U2NDdCmEcZ,2
GfCSdcknV4PzMv6Ui9W3,2
4PLRF3BAbEtZTXnaGqfD,2
k4OBG1aAohm95uglPQqd,2
Ko1FSexsij4QuL0kOwav,2
BgTIbYCFljHEWpti618r,2
2ZoTE3iUtwFfuNAYlyOk,2
3aC1EztfpUXIbuyi8sGP,2
fh1V8wnrOJAZGzsRQB60,2
e0Z7VP4EL1nlBH2haFo6,2
DGM9EySROr8hLPcelzgi,2
3RrCi87ovZ1Qw6WuygGB,2
E3sij5MlNGadWfcSDvQw,2
0XEmjdgVyY6hWfKulvCi,2
f4SBYHe3GaDiykbJtLdX,2
hLcXvdUBkxJRtraije6f,2
92xGBknJqLXYFcgUmjVl,2
8kUrNzex6d4RXAHh935y,2
8fSXU1iqE7jWbB4yne2g,2
jgOs7KiB0aTEzvSUJVPp,2
0i4FNJPQ8GuB3WU56LTS,2
3GqJEuYK9nlZTe8VtH5j,2
bWRYhgXnwv3FLGMCdOur,2
Ege9soWuH6bf1p847Q2X,2
JSrDQ3qkdHBws1KWoNM6,2
8VGXzLxvhH0qIltWc35U,2
J1rAVnKEwlsFqkG9xYNh,2
jz61IKlwh8tLe27qWUdk,2
G0N2VlfcXS9qC3an7FDE,2
DdU5tN6phR4JmaPviKV7,2
InqZsf5iQozvl3aJbKWA,2
Gr48vzoJW3QHKNFmqeCU,2
4bdcgZYPyMtlwOhoq7Dx,2
0sdr2cfHLzNO9Ep4RSjT,2
9RaVK3pIfnECFNAkvST6,2
CTv0Q8ujqlZc5dGnfeaw,2
5QEDgGFSnVXWJLxUouBP,2
jCAmu6J5gIBHU3TxopMD,2
6a3bdiu9jyrXPQHI8lpJ,2
eBDOvM4fUQmy0XEhracH,2
7jyrWaVeJudkHi1fgPT6,2
8Bywd5tJUzgqbGmvcIS4,2
AjkSRTPFOyGM0imvQ196,2
hePHMV0Uspcnd23R4Fyz,2
596okG3UjnycItSXaQzR,2
dQmwlrk1HGNUTh6KsYSv,2
8opVwIYrGLN2JUdac0v6,2
50Jfanb6tRU9QgoPZdpr,2
64FZCyUcjXxLNv1K8Bm3,2
cXzKusRWYMq4iA91Cx8k,2
f0ybu6ZqRMvBTAnlrg7S,2
iOUrldKIZhAHmk6PF1b3,2
EKm3YD5fpWh8FzTZHBbG,2
bG1zA9Iwqf6gCVSoJ0ZN,2
bye3ZNnLt4BfuqAJO8v9,2
7pbVgdSnjUPTrwcR5GXu,2
hS9ODtwMaZzK4kH8jpT6,2
ivJ1wBXIQLEyThgtZNoM,2
0DM3hS6Gg2QVKb1fZydv,2
duDYQ8vkb29jNryIcHzX,2
J51yVcCbx9LDM6ZlS4Ud,2
dhFCORaPLVBf9NUw75Hn,2
jAz2bdEis1hUHxcgNLl5,2
9QdfreIM047ZpNmqJSvt,2
f5DGWZn73yvJkLPYQihK,2
6bYIkx5eMoRHJ9XB1QN4,2
BSafFJTth4U3uibE6sZO,2
Jgc17BNL9qFovTjD65hY,2
9LM4YBhu0K8oxaUGDTln,2
fG40aScDhm5qTxB7p8rb,2
JPNtw3z5pD06EAd94oxh,2
0uZcAvaHLitbWmC1QMXf,2
2vQgFHCYq9wfb8GOV70B,2
6dgTKemUkyWupoBhaOZV,2
GFXkasEv1gfuNPlR0jQM,2
fW4MkhBrUcioN7TOa6by,2
DY2cQNXStMAUvr8gkEqb,2
H2PfBYSt6hT8wIndaGVz,2
5CQsuk3ygnTmHKEBDbzZ,2
di5lC6uMRX8hJ3BQtIVf,2
gLNB2kuE1wasXd0jMQ7J,2
DtU6IK3jnvYXV8xTOiQw,2
igjezBrTh4SbGtIKZmlA,2
5FPfjxgv1adyEpBKGRqN,2
AGawszJT86ZI4H23ReK1,2
bpIA0CvVdmQcEB2oisqj,2
3f0X7rvJBx4RQSbUcT15,2
6I2mCQyaF1OJNEkvqHcZ,2
1sqBw5DpJaRkx4SlQdLY,2
0hBIiRpkMZtoYj3lcDLa,2
aM6vieFrUBwbg8PdWp27,2
IjAlEaeHV2M4GkFnRKmS,2
huv3c9j4VIqWp2FG6KLe,2
2xCQWIzZGDP9fTbidlqc,2
Fu7M5iY1R6xDoKWGrcpJ,2
AOMqLsvZmIi3pK95D4CR,2
5RwWjtmMKlLiXqer8fHG,2
cdk9u0beg4S6Tnf5yhR2,2
CEv0JwlRsbWrNkIgj4B8,2
iHmI5snqhCFBXafvzbJE,2
6SQwZ8l0jKCkh2ErRqJP,2
9akYgqNApZW32UB1VIrL,2
FrVgycGXPJC4mMvfe56i,2
AUD3R5PtTseLf9nQx6pj,2
HJSPltnLF4DN3x18ZUjy,2
4dgyhKqaZbAvwx2eXFsc,2
enDwHFXxh8CzI0WTg15M,2
enD0hZTwMtLNIW2rB6GY,2
7vCGe0MVocZwq5ltXbh8,2
860EGyhmJVB49WrLgOC3,2
d6ACYSuPQ4wcjJynZhNE,2
ciYHMsqha46pFbrSyTZP,2
8SylerqC0fnO9xQ2NLwt,2
6R5rAcsO297BDkTle38U,2
kbSHVK3rjdaW7wlL0MF1,2
C4iJQzFIRWB19USfsaVw,2
0pQ123lKqiLJtFTwjBfG,2
fL1Dy8PFZHJwIU7vT3l2,2
B4nqpNwsQj21XtKaYE7k,2
1GvV8Jsz09wLnje4kSyN,2
06QinlpeFIWj8qHc7Vys,2
e7vxkP0zwIYT9N4ChXuf,2
fZ1FK4ACxVie0GnjQNps,2
ADzc7SVJd1YE69kCZv5y,2
DxzqgHIJi7okCsMdwEPG,2
bcxmnqdC5ApvuW0BgLhi,2
bE9uDl1Fft8AWXGgRVmx,2
Drg6AkshP8zYZlJoOwxf,2
7SvjWXrltZdLTFhIGPNw,2
HawOt4hzSPJyk6egrKfv,2
4wmslOCgr1HfavRdSZ6q,2
0RvUg8rntNxyDHPJeEYG,2
fuys9cVz0Q3idvakHBSP,2
j0OzVHxosPXhY4BZ1FQ5,2
bjYnW35luS8H4QGpr92E,2
1WysH96E7LwIYafNrmO3,2
F5l9ti8Mo6qsNAUvHJ1Y,2
C6tAxBY5P38WivqHs1uG,2
JZlEihvwTBmPUzQreyHc,2
JyABO1D3n0kxMLIWq25g,2
J6RsFGzY9gtBZduifPlD,2
iRsfMjzgkhn2KHyY5ZSp,2
jkbVGNKaACut3dU4Zi7w,2
d7Zghj1V46fQUYuSc0kl,2
C24qXnmbryhO8LzGvaTF,2
15tQNEDpb0mi63kfOWM8,2
HX5UK3f2skd0m9ZSr4DE,2
A50gUVJDyd86eQlnwIOL,2
jxOWbXpVtGuyQI5DSUCB,2
9fR7vAU1yrnQqJxLFgkP,2
FzunH2KqlBNLUxImDa8w,2
jHsn36qFVLypCkImbU5g,2
8BpCogQzxWahjF0wnOAD,2
0HcZRmLi9VTpuQJCoXny,2
6cJ4OV1TGifn92SCPNEA,2
DYh2UtEr7A0JsjmFQZvB,2
cd2W8FxsrJDnOHZGEiet,2
FShG9xVbwLlsDTYBdJMj,2
EJexdbnNPfwsgUp4GCQD,3
cHDbN1OmoTRnQ8hZ7ru0,3
eu3NlqHJxfOcWkZIR87P,3
51XRqHz04MsAuJWwtraV,3
dAe1HUpVzKomkr6vCLGb,3
8ygvhiWxIabopwJnXHS9,3
CMpESZXjIKbqg7G5NhlV,3
J05bGKfypeStmv7UjBD1,3
BXVCZF5arGuDLKxWgSsi,3
infCxsk45eNY6QbKt23u,3
A4126nkduWYEBVFo05w7,3
BxcUOqI5b8zn2mlrXSt9,3
dncOwWDxEl3Ri7XCMmUz,3
2Q94lEwIimV0z13xXNLY,3
F6PujHJGnIyNLqEzbXvB,3
duiRH6TLGrhgXSBmfvEt,3
GlO8VUEpCsqcwXioP7zu,3
HM9Jf7GmpNd2DLZVcxva,3
18T9jLsd0DZQc2aRrSpb,3
COz7qtjgHKe4wiEPo85F,3
BLGY8Ek5f4JlhOvIXxz2,3
JitysIgm3CB0nDK1W4ko,3
IcVuwSpZQzmUql3OxAva,3
BOMLgZ0RiCYQ7twrzAUK,3
CezT83xEW279v4DBZUjN,3
gIzJEByY4vpkSQcZPH2C,3
EaKhto2dq3PArmlpM1cS,3
B25geiufAOTrNw6EYVyh,3
CZvcR8GBrn5JIPdtqz1Y,3
hgbBPkqK8SOI7v0FDYtw,3
15EAacDsS3Nj9lQTfLPu,3
8mWh570SFDzATaLEeVH6,3
7YJU9tqj1cl4vwrKGO53,3
CGgOZekvTIXAMYxfNLW1,3
gakqGme850Xcf76A9SnF,3
hZty2fVr5ATnjewGvPIl,3
5vOCHATJsXhoGSbrteLi,3
C1okxVtRdfUWIXY9G3s8,3
Bpd4WExsYXfkN3R7gc1T,3
6Qp2b3wMFnzhlKjxLJrk,3
8AHh4WNQ5qYokKIXcmM7,3
frcDlXdshQYGCyKa7LjA,3
0xUc2vRzyYtqFa4VhLnG,3
E4lBhCXvziDf2rU3GM7t,3
5MSWhldbjBpEQeqVoPaI,3
bEP6OGBDYvqSa1XVMuwj,3
hf8eclPDq0WrSU6JZjoy,3
bK8LJOUr6pNesx5haDzf,3
84rjJmfPEVRbCDo3v27K,3
0glscKoNakWL84EpunPe,3
EXmOvQTpUAPdG728hVy3,3
avd62N7yALwmUZipfoFM,3
8XTIgZSVM1UCWm49iv2K,3
bxcTstIeJfgdjFLnVaG5,3
8U7ztLHDNnSmg3f1Qr2A,3
6zGBMr2YkjqfXFtUb1Z4,3
FH0sp8nvwNRZ9S6TWam1,3
HlZExoNdpyG4kMqfLAin,3
BMh4NUbp2yLTDPCEI8iZ,3
1mCvIc0K8Gd3P5suXTRM,3
Alk4h8YQ3DrOo2KFn5fC,3
EJ3BDKo82CwZcdPWN5v1,3
9zAJOrlDSPhRkcHxVB7p,3
FuajKf6MUmELZ3O4sxlw,3
G3uzt1aRrN0sbjgHn7Qe,3
EcurA2WMeGk5Tv9V4LHl,3
AU1Y7aLp3ryXsnWN6oHQ,3
0daTri9PSkeEsVHu5Dhw,3
1YkSNHcbq4y0ofMpR93Z,3
2mr4LP5vBhsUguRCNlyV,3
DxXaHhzNWCijYObQsPry,3
Fznamk4GOtlcB91EK0qD,3
fNAE3eU6Q4Gh5PtnCyMZ,3
gLKYVXRSw2Fv1zcPAeyG,3
DYzoP85CvmEU6BHWwVT0,3
BqRPMt4QY1sHzvF6JK7j,3
3QnUtORT0HXELiwCN61B,3
bPBKmsg69NeX25anqJT3,3
CIuUf3p6NALZst9ynk7l,3
CUhuXitp6fL8jM9Row1H,3
hFEc3IvTKgdysL7etM1r,3
Gld6X9LuQw58tmRvo1qc,3
0jAopX629OwEH8WPkzVU,3
AvcKHJnwQqxoRWE8YD1z,3
crB9AngSLtmYldMvoPuK,3
0hH3JB2wM79lYdsyuK5N,3
bgP2EJeKxofuGBTRqaNs,3
5VE1zp4YCIhwq7UvuAsM,3
GCp1DME8xZNUogB5aYWh,3
gNOGKEjzJi5phY0eyx8m,3
2fmDnKjO0Ev1VYc4MhPs,3
6GgdCXPL2Bali0f8ZFkA,3
IndbLEkgMT0ZXa7DS4YH,3
9zboVyf3IptCFDOuZlie,3
cKmUqV7zyePDgYIt8i2O,3
HWgqvmfE7PnXoRj2YNyb,3
iA742pGJPEXIWt0zlUSV,3
5W7Qe8nZX4AHthcmyrCI,3
3JI42LUuZET9tgvlYDqx,3
dh4X96NJfygBLnQSze8c,3
c8GdFuQO4TK6r3a0UYmC,3
6eqrZ7pnXQUtckVG21BK,3
hpntqKQa1RVmfJGulB48,3
EauSoMGmHqOL3i7Kyj9v,3
6AORky8bx20SVDHtdow7,3
jgpTUqt96Bv7i4xcIGzF,3
6gGY74i3DHlfjoC0xvWI,3
blhHt3mGR6pFC0Or41SL,3
3WPEFKHwX1DLBI4bzAM7,3
CDoRcvHMNxiq4OIjWTSQ,3
IyTm2g1Xst0oAW5uLBQR,3
Etq8FRCgeoyd05c4nlY9,3
dRaB2bOfylYED4WeFzIK,3
JQbyODV7raAtZHldLfS0,3
dSCoRmelbUOs3t9Bp8g5,3
7IqKtSRB0mUzuDs6G4OL,3
40as7FtBNoGZTuO5XpWq,3
foZJnHz62LA1GKIVvFOh,3
I6sudLV5paJfZjokXCqg,3
DaRMwOQZm3zStcEGYxgK,3
iygdLJ12UmnPhGqtsSCo,3
C0zcsP1IiGEXyLkx6bp2,3
CRE1I6YFrgafy9sP8zL0,3
euKvl63CY5hkqSZUOV4n,3
J2NeYuA4IBz3f5KPVo9Q,3
dRyI13DGCEntBviQLHhu,3
9fyAiTPMpZvqX6Khnb7V,3
JvsW2yaUokpXVcbhlOMu,3
EKswVBcd1UWjLfukhSF5,3
5MWdAsOpiyk9G0HvDSxu,3
jxfzc3Gm0oW5ID6bYFki,3
gbsQDBICcNZF65RLOvp4,3
c6L3RkStXIpv9JCa2PrB,3
c5npw2uMISjrah74tDXo,3
GFdy1EXBLj6k4ceIfvOA,3
3ZLqxV7bTOWJm8BEtwCN,3
D2nW4jfRsJbM3S7V0A6o,3
4UuhCigVIDrMpHPKJmAe,3
3YwJ8Nd5pxD0GRoIsKTS,3
2bwDkqs87r5IES13WLxM,3
C2KFYHLsW3iPhnVSzmQb,3
AZrc4eiysuWvEfYULVQz,3
3KkOaclun82iE95PSsJm,3
5pJfOSNowh4sXkYBmKPQ,3
fak1bOn7lSJFw5WceiKP,3
buhAOQaykEJtsIZoWjBp,3
19xM5LfBYviATcUkEOPm,3
AHIPR4avZlJ9GiXsD3Wf,3
eWEdpkD7rq68HxBKzXRf,3
fAJnSFec5LZGEsKaPx2R,3
GLQ3Z1O4wCebKFV8A5z0,3
37m1p4lwBUDcJKkPWx62,3
HU9Fp58PbXvVDqIm4t7E,3
1xSW8f3MoVAKsjTCmE79,3
hwb7WlKfRcgA2CVXHPYv,3
jtbI230ofwYMxRuFdpzX,3
0mfwTlekXE1poYAnqMRO,3
bN6ycnsgpUauJroQ493R,3
0VLen4rGI1wNjOqzyZRb,3
gBNdz3vVibKA1aYDCwek,3
G1McmpbnaBkjwIZzyslY,3
4ghaPIpBnJ8zCfruTxiD,3
2pYN8FCaQDlyRA7xOWsP,3
9WMOnQwLKEcCFyX6fs4j,3
ga3WqXeTNF519BCMGx2U,3
ae1M5piZAUrqnKc0TYdL,3
DHjiEJsSkPOrpdF7RNqB,3
3EvAIU8zX2g96DJj5Grp,3
JCzVMIhYuK13LZgo6Nct,3
h7MY4l3UxgNjiHR1C5Qf,3
9sOn7MIbKHyzRkDpv5TS,3
2cmq9yIzWOA8apYwRekT,3
e9Kji7QuZFdN1LmcOY03,3
2fBiOgkxcmrHRInXwVWP,3
eH37zk9OawChTJdGIoDY,3
9OPGQgfxI4ZcybTsJo5E,3
CFGSoiZsTtUP34fk8lhN,3
i9IUuFXp4GLzKxO1V0NB,3
2AHJPvRrMdu79hmoQWOK,3
BR7wK1hkfFncV28it30Q,3
CuB6pZlWVqT9GK3QDHdm,3
ClHVvOj2hM4UekxQKw1f,3
dIuFmhnRwYEPgOK9Lyxr,3
2h8eQTGO59HyJ64WtIVL,3
HpL0DOwY6RN7hcGeCylb,3
0X8fojtR6QIblypvHLsM,3
32jPglFUkIuyNEDoW4eT,3
0RCcpJ1DuKNMBsaQUgmA,3
HyITQWvZXan3zBoDpCA0,3
3TDhUPRqnKiQ8VpB6oCY,3
ira26FLCvbOlw4jy1mB0,3
cDybNVfe7X0oUY186BtE,3
AejI1okyfNmhxn0vqgCT,3
8zvicWu1OkG2PJRo9pA3,3
DHqruMgb167fkLaiURX3,3
4GMZpULJPqivrtRe98sB,3
9nR0ZHP7X2YJhQu3Nzsa,3
JtevPL4ZkR8c0QVuyAni,3
Hxmc6Yk7XuZsypBWlbDz,3
EG6lVZK8b579JPA2apNw,3
cMDuGY0R5UbhJNtkHnq9,4
8wiAzpNQEV07aXyR6DIl,4
KsaoU1ZWTfqSFYbOxPg8,4
l1yeU9NCErfuov4GIXj6,4
6PG57gUmE2rLebCBTMno,4
1FacC02JPfxSdXeD7MEw,4
aWKIv5xOEzt6snd83MeN,4
BAGfw1SeoPIqyhTErbit,4
jBXul1FAgEcKxO9ZYCDU,4
j2gBF09pxTcfIPy4kwJH,4
5HbKUA1oyJDeLwhM26Fq,4
banLTf3rYzPjOMK1osqd,4
JAB5De4OMltSf6IKHo3Q,4
hJw2Om4LxnIBFKo5feua,4
djpZOCDqxPWlhFrsXk2J,4
LCrZhlaY3MnDA1GKwtvT,4
j3tdbX6HDPxA7ZkBUpvG,4
GHyIqK3kbD7SvBftzaYo,4
bzmIweixPWfjVQXhO3r4,4
DMtdk84SP10RYjaZEUxz,4
kCyuYhjLRZU7XF52NVzo,4
IkdgWAqnBm803YZfuQxX,4
ckaHuew6QN1dhb07q2V3,4
6cYUST29aReytkJO4zXi,4
l5zY6vNZbOKF07uSn2Am,4
9ybCjYPNtAS3pBU7IfdR,4
3OX0rbks7LQmeDcKx8C4,4
CvdWjIn9A4GkBbp1HF6T,4
3d2x0BYR7aiJLfPNsbgo,4
eGwk8W6m4NIzsAaHvfx3,4
DRsZqtFbzNrucxWaJofL,4
gP2lDJxn9mFV5U0dujbs,4
kAzywbamDKcOWFgZGTQ4,4
g80ZFdKzRoNCvqTcejrV,4
B5YUlVtdxFgkTM7mN9Sh,4
CEfkRZXa14zAWG9Duqvc,4
gZyCkLSlHf0x35REWhjm,4
g937V6FUYlT0PybHMEin,4
h91pBdZvGIuYe3Fqcn4M,4
2g4C03AeqoZR6ctiF1Qr,4
GBpWNc6frYvmq57wyxgX,4
IMA4VZEdYtJ5Pg0bRwLH,4
CZERL3GtjlXBSK2QidO6,4
4ZBJzEqnW52fFUw0PG3v,4
CfSF2urLkdAX6MbzQiIa,4
Ki1pYrmszFSjuWUvHIqk,4
jOZMUJF5waGhqLQbWsYz,4
2icwOdb5xCshnIvMXfy4,4
aZKEkJF7CQtNSDf64d0P,4
GsAVzyD4hUnebMNvJFxc,4
9M6r8hsleUKTmvfB7Yn2,4
GTXj5Lg2ZF4tJAsPBCYc,4
K4IXeqoLWvYJwg8thdrx,4
jRwZmbJetAvIcqKVYDrO,4
6OaQhmCAoK3e8qH7NrB5,4
4WaGm3PhidQVRopgXz7J,4
7LCKOhHDaXRbcFwxdnz5,4
fbvWPV2U0xQ3TpqohAFy,4
8NOJxRZ65rjy1H0pKWsA,4
eh7tKw0LaQpW2mgUAOVH,4
gNBSR3AMjacCEUOKFfhW,4
aYvLmPcHznMh8w0uFDkA,4
i0JrWpyNfu5vV9tzahSY,4
FaKJdlpSU10sgw7jmQhe,4
ICeS9QhkFyus07p8PRWB,4
Li5YIMaubo4TWtEV7gxs,4
AX2HRNjzG1rDuyOliwsf,4
kei4pRX9ENQaKFsLcOU1,4
alNJ9v5fdyO2QXruVFsp,4
KOR9MFiqcBYTZ3UksX4l,4
j2wLH4fBoVF7rJK0ks5t,4
gacV7j1fSJ2ObNlykwEq,4
j9fqwK78kFxmBWclQh2N,4
3Q8Wvm1ceyOhSajNdCUb,4
KXy5fwEeZon9r6bHAvRg,4
Fmgw4Qj1asTx0fS6Hvb2,4
5dqijn0zcEPgONTLFRoI,4
74zFPGsnxZX5pqlaVUWY,4
loIP1tiwELF9YNZQjSUO,4
7GsWJqlM3kCt62axD5O8,4
9DauIvUMYJ15so3beSn0,4
BZyd9n1Lik5loVQWYgJR,4
L2PXN61rS7ouyCA4FR9U,4
CUomVD70p3O8MFkwiTsd,4
IS5gEHZFc0xpPj86N72D,4
jV8cSxM45pXgW7JPo6qt,4
IVk2Scu69wdmQ7tEO8rY,4
gPRfarzs4W7Notj0liHM,4
7Ebd8M0gDHBRIjFvr6SQ,4
0qPGt4cRVk9NoiJgubf2,4
GV7WShk4vjpiKqbEBgsr,4
4AGv29WBlocjZiPIKqsp,4
EKmgShQsf6a9vY0znNlU,4
fSn3lMtv0pJWIKLzNxeG,4
7cnyTvamsXhUi5IdSlZ4,4
2WBAlcgeu4zZbTNy713v,4
CJR6XzFHGUfeDMsh8xQk,4
G9tcxvXL8sZAjU72zYOg,4
2VhINMP4oKmsnjZkY38U,4
bsdFLWce8w4kI72U6hS0,4
k2W1nfmMKqwIPxsl6ire,4
GJ1tcdBHRUOMILq3soiZ,4
8a3GEC7cPKtx0lI6qYvL,4
ljuryB4bfagHqV5FM9Ae,4
iaHNVLkKABMznmxDWFZ5,4
DAJWPTcYfBXlRz6oa8m7,4
je4HWtx9M5ySpPBO0wgf,4
5QvCJULkphcYGge78RNs,4
hd13cetC4NLr7TpAYxui,4
Jpvuw1BibgPOt0SnKD9Q,4
LdYVqZXi4EpATxvmBcW8,4
ErlsfYCZaD0tuLjSo8GM,4
drTJEXDQkP82ueAgIitZ,4
aneBJbW8khZgVxqGIKEU,4
kl6Lw0U7WYT2biJXhP3y,4
idDSEvTsVqZhI7MlKnGu,4
IxVpXTyfqWoj8ri7sMSc,4
7MOSHZDbnxzfhyAmqjYl,4
AlNimKRVGWnbq7X64jfs,4
A7QialhFt2kLjBGXw5qI,4
7LRvGWSE3hKjZlcVgemq,4
cDRA2GdrqXYfoNaUMJg7,4
CmkrzR9pL7siO10q35IM,4
4aMbnHlA9es8vKmOFR2Z,4
6ZsB7guTtJqAp45VcnS8,4
fnHDty72dWwjkXgYqUPA,4
dj7GfVSTmo3Hkv46Wiah,4
COz1qc0Ds7RHkdbQBwvU,4
2qSURceVYgQEhOFAdPXC,4
BjrkNJeI9HMb5lOgpC26,4
FNAVfQgh4a6k3lUY5ZcK,4
IDZd8YoXcfnmkEUjv5Ba,4
iBz3MaqYb0PplxDhgTCN,4
fqtA64LyDpER8nvrTslF,4
LOP6HaJKXpkic5dyuVnT,4
cquHZ28hReUoI4aJGKin,4
D2TGLaizwXHf3YjNJ1pv,4
6tV2UrOqmFoGua380Rhd,4
CnhXYK6fcAieFjQgJ4Hv,4
6EnhedlGIKp14bXusfwo,4
6HdwDkgvEnNh9cqlyfR7,4
9MKSaiLY4AtGDZfvRQ1E,4
IuDWhwfPcYTK3LBovO5d,4
dkavAF5rQz1TX4O6SqhV,4
Lf5U8qioZ9yOkjrGT37A,4
FfmsbQcv6V3rGdDLBNXM,4
IwNUoFX01y2aBL9ZmObh,4
jzf91HDNIbFMPaKEmZvL,4
EcRZsJXubnGd8eSImAWa,4
CQ9ATzbP3j2On810GX4d,4
2mYSX6J9Dd5lkpLuNMc8,4
lBuYeZUbtHQVsh7Tn2NJ,4
51rb6a438sZKqOgzwYlj,4
Gpd5s3Y7HKwXf4NaOPZk,4
iJpgS9hMDuFrCTItyokl,4
BpAoClbIMLsxzWyPHOaJ,4
5JfdLYbqX8oFmD1WTg97,4
6O8i5oRFAyhBQgZ9VKNw,4
GLrQbRUluV0qzahkDEms,4
LfVY3tPrRZHGQ2SdJm5x,4
gmFxGQlWUviPhKyAkoeI,4
fmEhB62Z9MnsSJX7bRAQ,4
EpBVNQnoMzYaCbe96OZx,4
cCQpIf47skX29OJxaDrE,4
5JLHiDhkzyYPdTeuMqXb,4
HeJ3ZCW4yLRrdktsnKo1,4
jEZkrOP7GayNmiXdget5,4
5IDvAEnUpuQH7LeloGiK,4
cw9MqhojugmlnC0iY386,4
GgHz1ZSPklNmUJao9xht,4
FqEZWbA3xlSf178hYjMn,4
AgSXb01HILY3mVwfnesd,4
CH8Yj5Nhz0oVkTc9mSJe,4
9MFzgoiD3y0BXQGdY8vq,4
BV5FwZi6DPO4UcgoG9h1,4
aNRflB3AsYTuZhWHQL4z,4
6d0uJ9rYK1FcjRimvVNt,4
1bL4yiwCUvSOg7tBJudf,4
f3QCengcsa0o7KlZyX1r,4
j3thgSImoFBZAPsrpaqT,4
JzHoWdVa3CrB2qOR1NbL,4
h9amYlEipKOJtCN25uvB,4
dJjQbDGsra5i6XzkmWfF,4
4AuqM30HyOajgr8SleRL,4
DALwrgpdQcolMWVBzb1t,4
fbYAeW5rtdnFRcsvyo3X,4
frgtup5NAaT9qRVDj4hO,4
FPBhOUAvt278Dop9armX,4
CV7DFk6tUNpbyJcwEKsx,4
b6ZsxrcU9oTlziSwDGVI,4
4suKxkVWNqFQZLB5UfXD,4
eGc1liEILN0hzWaOsnSH,4
ken1LRYK7B4ryGmT3MfC,4
3WhAuJ8OlUsk2XT0ImiK,4
97o6x4ZILtD8bJsd0EQ1,4
6VNXsCD0lueo1nw3KO5M,4
CPELmM8GYegcxRIQH4VA,4
508Uk9z1gvCtucARFWG3,4
CkzJnxomRNpMBfeK8TDg,4
9LKBIVulpHtRfP2OaTAZ,4
0qjuDC7Rhx9rHkLlItAp,5
1KB3Z7gd5aN4Xmx8W0sf,5
CRrAOvzk452LVZIGMWsq,5
hrguW0CqMt2mJdfvX8IB,5
asKPnzUXjShMc0Tl6Wge,5
fyH8oWql4rg7tEJSLpIB,5
FsirpP0oDwXeAzC2KndG,5
4UTMdcZkxzLvwygO8EuK,5
Hc5LqZVK2yzlsb8BEfdO,5
hZiVAw5nREjHU1qodatK,5
7cyYPthi5KmvXEs2NkRj,5
epLciPaHrTu1gl4CW7Uf,5
GkMBlvTidr5oyYOVJCwc,5
2pwjzv6eGEb8QmHPfxSc,5
b59dlNEacoYUAyeR4Ipq,5
2qAtoGOuMQZdmH3y7bEY,5
e2r6IncxE1LQOKFGgphj,5
AeCXyFRcU2SsgvVTpMzi,5
3zZpqyclD9B2v5Qas18m,5
gB105vrJPbcGCtuj7p4a,5
dKcE7Q1zuFViSaDRUtxY,5
ei0C84XpoqcAS6v5ZExI,5
FdiEeV3N8WtUSXjmcrxo,5
i8WIr0dtVHSGMmwFlcUY,5
EB0d2fJGLHam1tQCUDWu,5
DEyOUKzN2g8suv96eYoC,5
bGPHZFpAL3N957064wzj,5
Fnda3PuqJT6Ep5vjOWCk,5
cIojVJGQOtrL0S1ApeDY,5
F6nOrb9ipd0SskWuJjUw,5
3m8kb5ILPrHcMC1o9Nht,5
cYb4XuNSqOA9IFLHseG1,5
40KRbGeQZ8PwcUgt5joa,5
B6dzEY3kKIn8me9McfGg,5
5tMCNKDogQ2x7zwUbpcZ,5
GbTUXFYkMoafQSe1zN94,5
8wm2jYBqV30okUMfuDCd,5
2aHfrLhcPTj5GnFZXUCN,5
idjesBrKybwkzPXMalUL,5
BKXtxeYlLsprabEWIQhn,5
1IpWLz6eyhVxDAfQMKEd,5
Dj3FqX9IAHco2tG1UOZS,5
ijsaQxUhdyZ0ReqYklbG,6
Eyp1hkveqJKYwHmdXViM,6
K8oHqBcZmDrvwJP5UpOt,6
k3Vna8Fm1WodsDxlTH4N,6
H4lKrjuZUTVAsgiz7kFS,6
GApUZMLD5BgbES0zrcYn,6
cit8mq4rb9DNlPSJuopE,6
HVlorUn2MsXN6BdZghv4,6
5YcQadwmPLqg72tvW8iS,6
fUX42V0cAKtij9IHrE6N,6
iCnEzomH19dKjvfZQ4g8,6
HqFd1seJ8IURTuwDbW90,6
f0jhPJ2913c56yY4mwEi,6
3HJ4foTSEmRz6jXPwg58,6
KC4y0GNUxi6AvuRpQwsj,6
FLKI3hDWBycN2niT0PmJ,6
iApTH5UsaDKtfjOWNuJb,6
9kWYKpxTBGXd13Py6Ulw,6
e1Pxcv2KRUSyDWmAasid,6
9kcl1e37zbpLWTPhSoiH,6
jqIy4VhtwkTvFlZLYHAa,6
fy3laG0Ic8Fudrw1oUZs,6
7qvZykasB4CizHm8EIhT,6
D0xHyj1fV5sA3tN4JL26,6
IYACa9WBVQESgJTDtfXh,6
5ov2DWngteLM0GVEySrl,6
juGVt8nSNeo7OJr2p0md,6
jfoOKUzAhdHWvuLeJxCN,6
furjbFsqkwKzaNxB3RDL,6
8wLNARJz9c12eBuFqEjO,6
FNcHdxXPKB9kVMnOzSm2,6
1zOQywEgDm4CquxkWrJd,6
5Kj6AhNFgwEU9aeCXTOy,6
ejZcdzv9sJwgumyEkK6f,6
CUEe86Qkl9S0umGIh2aT,6
e79Jn3ovuIV8FLKZsEG5,6
4bHkABPdfrjn2DYO97g0,6
4U9dtRMoQrbgeB2iSYZE,6
bx3MXBwc0zulDOa1UqN4,6
eoXQqrKilxvJna70cjDH,6
ABedwUfPmn9jv5YNbykK,6
5VehuFCfK08kZx2DH1Wv,6
joFHWBAZySvl8Ea1LD4N,6
e5j9ZOvH0tJ6TAg4x2WR,6
ArTPy24mpUtMjSYQGh3v,6
8YF6Rbc7mGV5udHJPMpI,6
IRKpJdD1rqZmfC3nsWHi,6
7j2o04UxtlpFuTPrHXLa,6
If74PKxzUtEXwO5kChoB,6
5zLPMwvfOyrYaU9jIGE2,6
1cdtwSyhmiekLoH7OUEs,6
ft5WBShKzCA80vTxlXEa,6
0iZTHuQ5KMb4RtAlrz6D,6
CWDE4xUiRdwmFGAt80pn,6
fdKU92Heigr1xALlFTkS,6
6qLobnwUp07W1RyKBjvZ,6
cvAsfnPdeYD5prT3Xgh8,6
6fQ8rLxmDzpNIGvAl3Ho,6
IThBzvVbMReu248oK3UJ,6
eQVmTuqlHYXLJ6DBCsg5,6
61rOtseYwGE8lUgPRTCi,6
4JlgupTC2XdIvxE1oHjq,6
dHsIFJomVwubBQYCp0K4,6
KHmRYShqZacoQEOJx862,6
clDmndwYzEaRtyrQusUJ,6
EtTS3Gokxb49ghP8daVf,6
EdtPFbyYjMB0l2Dfiu47,6
7rvpSAIkeV8TKQDi0lw5,6
jM2ezG5TVpPDmlEBZN7b,6
gfrQ2UK3LFvRCMEop0Yq,6
BC3It0Ak7YM9UQXVZnes,6
FtdxnjOaVQHhMAwcf2Nu,6
I06AelmRxp4VrS7OUBHL,6
40dBpWDhOUzZ5yVAKJF3,6
1h7nkscUw5lDurHXPE20,6
8hkxUfgW2bHMqPjrcNLT,6
Fl9o1QycpzBuktRXSwx7,6
6JcOPhsUjbfXgnoQaHyN,6
7LWYyj9uaCoVqJiEck62,6
CeMBQkDHf3rcTI0AaSh4,6
ixTICoNORELUk9wlpGa0,6
dVSQ8bXUG0Jol3ZmDqOp,6
GepfoxXH5VWKnhZzYl6U,6
cl0W7xzTAYj9CEXJkS8Z,6
CLJUMfrb1jF4VliXSuTB,6
69I7oy5WLUckT1ZlPVCn,6
Fa87QkVGAHec3PfuwbMm,6
geWrd0Rkc2AsuVBJESwi,6
gYnkoJDBsUPtj8N2ea6R,6
27c0DulJmYsz8ajZULHC,6
2xeFtR57KZvX0JndE1rH,6
03nJaQV6K2ObICUmyWoR,6
AlkG3guJPUcqyBadfMFH,6
BnRgI07aqODWw3FcKL6G,6
gXHK1mV3DGIftCOyrk5h,6
7QNdReHl4GMupPJ6yiFs,6
IrkaJzo10g5Vl82vHLf4,6
8Nvh25eKPxn6zEdf01AR,6
57U0FfqsXtBAj9ONKPWn,6
2JfpcM9ACq4XatFLho8z,6
0sLBvJeYl5UkiRzV1atI,6
GdyzP0X7hR5juQAVtL4J,6
3VdhPHBJMc1nzEyqARWj,6
DF8mJsVZeA2E6INP03vc,6
EuyYZNBLqI2maPtzxFsQ,6
DrSkvafcTm2A4BNzdVUt,6
08BX5Slp2I1FraZWbc6j,6
2cSXHIY6r89uUvsZfqzE,6
45bI6DlJUGh8KF01ExTW,6
1d79vVgNkt4fMjQELaw3,6
723C8e4nNUKMLrQZYdpP,6
jC6QJ5RarVUNMAfpsnbw,6
1R0pmNFb5znDi6aTVeZt,6
D3P5wso2J0hYbKRIWaCL,6
CkzYDnrHsLQpKwhfxbU8,6
JflvaIrSi4x0wkjZVN59,6
bYC6r58y9BWvjScdVaFg,6
AKzFf5dE2PxtL0YqXv7G,6
7schXvl2FHSujB3aVK9e,6
dEeZWOx1rz8VsJ94BuPg,6
0EL7OGZKozbiNCVP61gk,6
8jN4P37vE9ROTiHoZaDG,6
AP7s0ptJOaL52rh9qNH8,6
fYg80o1ZPt96VGrpAnFT,6
cQUBNJXtAuLKlFf398Co,6
F8CeVXzxLhnjo0BHATPZ,6
jYWpNLrtc2ns0kMizPgX,6
etGodBiH4V2DKrbMjx0S,6
6m2KfEwGe3bJakIr8Vhj,6
6piYq8XOUoaZCGjzweIr,6
8WmlQwgVXPJzeT36c0af,6
I5nFDOpfAxyK3CStBieU,6
FEA6d5CzUyqoZPS8tfQk,6
DNBtPALuVrzM0Cd3mwcl,6
dvPzx04ftaoVyH1RDnTr,6
j7EMTLk2BV1upcU9tgqa,6
BDpyWqHITz950E3Q8Mf6,6
ceF16PkfygJMzpHvDOVU,6
HuD3AtnJlpCVLdkIWsZS,6
8GF2DkYbJpAi3RqKyLcX,6
7zIMcQ35pnFfgE9qr6vs,6
gMnlfq2FJuTr0dexUNO7,6
EFsHv1xIeq47t5g0Xwrc,6
ImxloiQ92Xvz8ah6peYM,6
EpVF6whltPArouQzvC34,6
HdngzBjGvbuhi8aJm7Kt,6
hdGzSti0HYqTLaZ4lrmv,6
IZWuOMidGxg1HYNP9fJr,6
aQfkEzM0K4RH8bIexyTd,6
ejK1lrfCdNmypPw5suUk,6
J9es05NzjWripUYxb1tq,6
HpjUXbMnh2rv6KVQTCwP,6
EikHh6MSgAax1RKQDCoY,6
jwT4zVKNylcEQD92hvU3,6
FP3ITxh0a4rBOp7lQZ6E,6
4TbLDIiV9qtauMfs56QX,6
Akbqr8c0E31QoOTwKefL,6
Af0aS7YtTvMFG5jhOquc,6
aKDbZWFzy9XfPO051nls,6
7NmGCFUTuWswvVJMRfEb,6
BM4bG5xEwohipXWTKt3U,6
6VXAjpZbgU4nOc98z0aK,6
gwf3X024hVvFkxIZB9DP,6
2mBVr9lk6YuoNQH4AxvT,6
aui4zdrRvqCP9yXQDHwT,6
4cPt7qBs9CEIgNkhRXKM,6
1Skcwz5YxWihMqIyt30X,6
2ondxDIwf4si7URbH1ZJ,6
3fgNi5Fk1QVMqKBXEUnw,6
H21YgbnrauQ8CdyXpDlW,6
Dmd0CialNW4ROkqXuvwE,6
0sM6DQlxcP3oAfd9ZVBT,6
4GUWMjfCbyK9ZrOeaBPT,6
6DvOLIs4i1Gk7P9dEeTo,6
jAVrC4FvT9kpaIEY0woP,6
8sLIxBafWeHqYJAp6G3b,6
Enm8Drf9FPs6yjkhvowi,6
cez31fjVZOP2g0nwD56K,6
dPwStgZb4mJYACKDilp8,6
Gy1oZCVBQMzrF2WjKp3g,6
BSvGkbzOdgKPyRNhwjf7,6
7oMbW9DCm6tQn5FTRIus,6
jcH6s8DNVoleU3d9tiZL,6
63lPuMWerDURdtXQEo5K,6
InV3KRNESFBqMHUDabGw,6
1UfOQcbmP40I298aeCpJ,6
9dqPn4IQFJCw127aTVhp,6
8jX6hZi1mQeASB0vwIn7,6
4PIo3NbSDfGxFc8gQ9M0,6
ChvufROr8IQNFgstPBJW,6
9ZLhFl4N2dUJfDQe0jRS,6
faOmpIAWF9ZURkYqg8vr,6
DcgUNdMzXlah1kbxiYtv,6
8wsldXc6EzeFC4TNn7Lk,6
eMFqiPYQxfpHgKZ3W4lB,6
jkHSGXpMO7iChRulZd5Y,6
khTQWFojGfuKZcS5C3VI,6
1Nu6CWGKlM4Xgi2x9a8H,6
dLuN50yiH4k7ztKnZDjS,6
jM0aVyQfdqBhODSox1Ce,6
D9HGru6N1npYCXcIy5tS,7
AydrZmxNDPoiRfbvXCW8,7
CBg8aqJVTF3uonOkdws4,7
85m4HMaLjpTxtlovqZw0,7
9ftj5a4V8hCr3pTAUiGl,7
k9Vp4RQczHiGXIJ10qMf,7
j04fOHCJNI2TkB3lPVyv,7
1jinhWv67o4ODebAw5Q2,7
L1o7HeFKzONsb3JvRy82,7
k7Xf4A2MhsF9jgiD1UGE,7
IGE0k5g4oyYmOKiAZ1ut,7
i89kvPU0R3EXQ1lZhyxY,7
JrminDyluvTjfcp1wA60,7
eVX5tAiMkBW6TL9HCJcg,7
7cx4QdBWg9wMa2pvOLuo,7
dXjshFqBCTlzow9QZmEc,7
ISLVPKT1f8cw92bsgWB5,7
1NiArstKkEmMf0vjDd7l,7
BUDV6TrHowk5tGJxvsnj,7
F1nhXPej7m8KOUtGTVRk,7
iLBzkjmPncOKs7f4FDv3,7
eBkv8KYbUZfERHn3Lucj,7
iXQAH6xIYeLSlCfdmWbR,7
i8gKknCGoFD5tzvVhEfS,7
AOkiJWGCyavIe0cmMZBh,7
6gHQkuhNCliso84zvqMG,7
dLKYot9Ix2Bib1DZerGg,7
EjLnZ7ke8hyYIqxlJXD5,7
EWjvFU5GXeSaHzxBh0f9,7
DbAU9EVq0yd2C5cw1ihM,7
iCN4jl26qfaQxTAe5Jzh,7
6cylqphx5sHCm4fYBEdK,7
8kVfT5MmuErjvdPsZxIY,7
FQLZtVfKGT83YewqPjiI,7
DKs0lpax9nB8gS3XRuEb,7
gdjL7Gu2qxoX3OHrSkWQ,7
dm0NeQKo3ArPab196cEG,7
H9tYbAiz7dZ0WsM6PEm1,7
ANPyxi13XKGvsF5zlQqW,7
2AiNV4msBIWd51whz9Xp,7
EvjemDbI86FNan4AQf2P,7
0b5LqcWix3J4fGIEhXQu,7
0ACDbR5M3ZhBJajygTuf,7
FhotrfvWBaGEu1sN2zSJ,7
697TFDm0KRiZIgB4pJG1,7
cL0AkjRPF3NndlTDxe1g,7
f8NM0viCIaxQbBG1c7rh,7
AcIxJCZRTFUpaHove6Qf,7
5mTjuSpdDG8k1IBHaPqY,7
KWg8T3NOYaQBF0tMqLm5,7
a7xm4JhCvO9NWVeKMEBn,7
et8JFZUipOPKBl3DsEGo,7
cLtWePK3IDVmguMOJYXH,7
e4TZIcugCDM50yiKWjkF,7
HiXUclzIL2rEutjB74Nm,7
FsCzyGSN5qLRDgxh81if,7
8Ek93sPoaJVSyhrKwXQe,7
JhufrNciMQKETOUGZ8Ls,7
ij8Lk6IpxTzC4WUH79Gv,7
a5n3BtqdsJlZfup90MS7,7
gLO6W1y9Pu7ZJhCFfvxK,7
DVBG6mNt8U0iye7MgIPK,7
0PlfqyKM1JtYZx2me5FU,7
FW5OMytiahRcIBfLJD9X,7
caL7sn2qd4JwxlrpR0BP,7
kMdOa9cZ3jw8GUFu52Tq,7
2ZlLcMw4Vkim1pNYXj9v,7
DtBPhFYTCJ8lcEp7Ojke,7
2v1WwXSQbf3RrN4eTG8l,7
jhgdqC2e1Z4inImTQKvY,7
4wv86XGCOkUWEAPrJtDi,7
H8sU2tgdBIyEuOr5Ke7X,7
K47QO8LZycVNdTRu2F0P,7
Kvxm20yICftr8djGVqUA,7
a8hZBDrjGiMdtzSklFNV,7
d5ki60fcbqeH3SvZzpoB,7
chOj57nWgbIe12SiJUFm,7
eshmyC9W8ckUO1SYuAjn,7
4c3h7j0QyqIgnKFzA5vR,7
ers73VJzBQHoYxilUdt8,7
l0PMq9Be5ft1ciaF4IwC,7
8GoaOMPuBA3slq2J4TEd,7
DuSE7AmXlfTHU8OF0aNI,7
GNx5o9mIsTV3SUkeJFgP,7
eigPHkQWn1yJ8tpoAXYM,7
f4BqH0J1xLkYKI3TEQWm,7
EilXmdUb6zGBJWk9T2SO,7
1KCvMqIFUoaB6wfOc2xQ,7
cuQANt4oBpMzmYKRkGf6,7
gelhQLoiRE0HZTOI2fYv,7
CNKfaU6TP8kg2mnHh5SD,7
IVRTstGWhAPOdgY8UZiL,7
hSNv2TgwqX0Ip3HnVFEj,7
6bNyjTBJFmHOoiXYZQ3W,7
L1OGj5BEh2drf0Wtiu9N,7
jfn98b4a1ErPWx3thgCN,7
dvusqezCcGVfjZ4H7My1,7
bJvcld8YQ9OxDAnwtSfp,7
JTAoQ9miHalVeE63PdBU,7
C4VIpEJ5KlvuetjhLdX3,7
l1OdNtIKM8Gi6jowZHg3,7
BCw58jIVumFW43RExqJk,7
8nEhOVz5vMCKpNrBRg2D,7
1JPWLhrtsalBVpyGSKw5,7
2xlhAE5LO8RFfczB6ep3,7
BlFYTKkD0S9Ox5vU84X2,7
hNKoiFSWrHegX5pnvfRA,7
IEfHPXjJ9b5vz7cOk4Q2,7
BdZYrUSpnXvyITwgOi4H,7
87zKHh2vErX6McwSZQyT,7
BEDxazQfwP7s615Vdvpi,7
adQni6wWvTPIkf0xsZy7,7
EZ7FwiO2p4DCrH6SJYBT,7
HkzCqPSGNEh8Z2g7oXse,7
67LFYMBVhdD3Jo2UGRSX,7
IwgVeC9qRbUkfE6Q3HTh,7
FGCV8wbAuQp1HiSd7kvm,7
gDsZ7RCYM6vW0VT9ENzl,7
cRsXVg26e15oik7JNjE9,7
dkX9UMse72OSJN0Ewtuo,7
JtWKrxZDdMpCPNkRLEbH,7
ajpIxyzuMmAlJ9cw2HTY,7
geY51xavJjMGPbC9Hikt,7
jmPeQlFEcqyRuVwrJTvp,7
HeSRou1ZPv5rNK2Wnzmx,7
L2QwdUyG0HISDVk8rcsE,7
JFzDLwgruBncYCdN6KTA,7
9dbFYQ1xN2cm7pSPMhnL,7
fOoBREwIcNmD8u6Kts75,7
ELuV9FA7IjKXR52NrokU,7
buqKNv0RSThA9sF51MZe,7
1FAxSngsym35phwROGl0,7
0hZEqJ5eMVjU21HAG7Ii,7
JMaEzg6s2P0n4wSIyulO,7
ibDT9XVyqJNrcztvEHgF,7
kMDrx5LS2P864CIwNiVs,7
8dW2hOcgRfSTnapKVHwl,7
bZz2OoQmqx0PdGBhaHKk,7
aQUM2OeWo1PwkhzsXv4x,7
i0nhIRJcsq6BQCpmNVlj,7
3eHwdBolFKi4PahtXSyg,7
CnYUH3dAJoPrSIc2xkF4,7
GyRxVEwf1DFl5jJrsZaM,7
jKOP7rSszpF6dhNHQfua,7
CVdMjEq54K19x2JFWpXe,7
jOTtmr8uJvclSIBf1xHo,7
jCrTVsM6f9SOmRP8p14i,7
1iWTJCzlSZgempU2xf04,7
IeSLbp1rGWqQAvPX3T2j,7
crOuVx8jI6DARFmhWJlM,7
du6hbLIPwW2aGYZkNRQV,7
DpNvYX1qedHLiQnRhF98,7
K786iNwZCzFfscSOh5u9,7
9yKCnSl4BGRbj2tDYVUi,7
86kXs2U1IEtu7d3fvxJY,7
bE0NVYRysImfe7whcUqK,7
hZ9FgpT4IDNx2mEi61r7,7
7KqfVlEBOmr6tTQewNG8,7
FlnjSwYHGacRZVz0J1NP,7
k3lUV2ChNYupKI8vZxme,7
KOsC9hgvbu7QEk085FZp,7
AXvM7mlBfJ8eHVDcspNz,7
bipFgQ8uwHkO9rnRfWDC,7
IyjtB6DFWvnTYw1E934Q,7
a82KdTuoj3nB9bU7IfeJ,7
JzF18ftmDC3VOLnIAhWP,7
6WrBNPTRljxmLahZzo5s,7
D5IFWSHNBGQ830htKavg,7
FZE5yneocLv0D7kK9CJh,7
GF8K2TW3s9QUjRzxbr5v,7
CjRMQY0S6LdUWNGaExPJ,7
a1mdihQNvLRP4CDr6XyK,7
dzValPwcOHZhJISqyp8T,7
Hf2WOklmDrv5G6cEba7h,7
6iSL1WkDHVIUqJzGmnhN,7
KgiNFPOsZn08u9BEhWyx,7
kdmNfXGWslxUa3yATSFw,7
hmxjukz4UBqMPf9Jec6y,7
37Og0blzE4WYpZ5c9LMN,7
HQZY7q3BvjlrANFkcxT8,7
5XPfYvNdQRIBJoWmj3Os,7
1YSNBUsrXKc3hWq7IayR,7
kIpOXia5GrTjeNzV9K13,7
jh371q0WXKwZP8gynubU,7
K5WyCRrPOn9bkGfxgY8v,7
AtjeimUnQDzEqb6TN8cC,7
21ORx5nk8fcZH4eWDImo,7
f7FStL5cPTXbQkoZDduC,7
K2QNGrnBZP7I5MiF9kUb,7
7Tqx4LAfG8hZHivBO0CD,7
c1SrgTA3MYaeKktWwOiF,7
IZvLMWGkFTNuo91UBpn8,7
iED1fIxnGyWRLuYNvl9s,7
6nyOgqz1XDCm9QsK4BRv,7
GAc5nqRb1NW9IDwCBvfK,7
ewsfhA3Dunp49SFNMoVR,7
FXGvem2ls1xYbt7rkN3u,7
5EVhC0IMi1dNb7TtgxRa,7
2r0UYLcKCxnRovpj5dlQ,7
foWjCIUpHk4tEruJlBGc,7
JrsqMWaubVkZ3vj9himO,8
7gHTtFxNLbe4DCq2wj5X,8
feCLEnBkHFvKpWirShuV,8
DH7q2gbnvTQ6CSFela8h,8
BbYwz50Rv8TM1CrPDnkI,8
hnSlVLa5IfiuctNwsmOd,8
k9LJAopKrhzt8H3iIDuf,8
b9PJ5cCeBG6NOymu3pfX,8
3cLxp0USf758FCdWIMeb,8
6WDhbdurpOMFTsP8XkUm,8
4LNpxlPiRBTqZy0sEaMY,8
cA69YZFTVMzJpEKiSu0C,8
ApyV7xXEzskeocfiNRbQ,8
ifUj19ONxy3D72bKTWzY,8
Ds9pnm1hBNrOxVlza3KT,8
8w5bxPTmWXjst7BafQHl,8
Fa3Bwj8M6UoYhZKimT7E,8
7tTN1k68jFBqlbXDixru,8
g67SYHaFECoeh3Rn0kfP,8
7o5WIv30JPjRy1LHQbGq,8
1NvKF7pMREf4iVyzZewr,8
aVM29RPh63DTcnOreZwL,8
ewvkZjT3McJArUo7bQHK,8
H9bGFP0xjDkldfUmX7vA,8
ItmNdeBTS2CuiGF8WEjP,8
jMAU1E9sFQl8JrTq3xeP,8
JIy6ZgaGtHBAmv2krdKx,8
kBdDKj9W1rQPpoHmetaG,8
64SxkBKApurs93Qv5oce,8
HAnYJkPbuc6qWghBO7Ld,8
a5btWIHhlzjuXiBykZG6,8
GmH1ULjobZKMkcVRyqQs,8
CgImqd6w4TiAF2JxB80E,8
9FGfW0bhXZDRKa6dY1Ju,8
hDkmuNtMpaExYj2VFd36,8
IdyaQv1LrRA9cSM5PX7j,8
9gpG7YV3EBUsIXL6wDNP,8
KHQJDZ7toAnaeLSifmIv,8
bxED6RSpmnWV03kyMLoK,8
DReqVt7Hxa5plh8v0QP9,8
K6iRbvqZrJ5h3C4x0mMT,8
1hAQV0ebMLSgy4ktpfoC,8
HzjUnQe2LAZmiT6EhGgo,8
6KwsJTWMeuikr1bUGoIN,8
5ceItS0Y1RjbXrhC9Zdg,8
iIrHW0e2tNX9DQL5vh1p,8
fKhsXDozS0YNA63L54nl,8
elR5wXCUh8jpg0VT1Amb,8
FGPHc0QSsMmYUfraOil2,8
gwhHpbvS8KsCYq9iEA7y,8
jDUlGX1nR7eadfkBEoLx,8
H483RDhTj6vJenicwzAy,8
5GvLiZoCkwMyFfBIXY6P,8
f5JFnNr6QYAXMdB0kyG7,8
BKt5UQleYWvJrx4N9R62,8
cxQKF7NWYzsHOX1R5E8B,8
cICg0pMBHFzbWymJo8uL,8
2cSHYRJ7p4jA3O8uM1qI,8
c02hlI4zUA38QbmGDw1p,8
d9tk6NmEj82MWXIHsTaw,8
6ZY9Al0hSbQBGF1RcLVH,8
8LSWJ06fMwxvnDmCGXkh,8
FmafvwYsu6Xn510GgU4c,8
9joLAv30xuTSM4fqNbJZ,8
frnIpkYyV06TiJ3cvqUZ,8
C5MzcA6N7yxuQfWDOgoU,8
gKxq7SlW5RUHM0ru41Ta,8
JGhXSB2Hu4sQKbMVlkv9,8
0J61YGoWjV25TzxeSluf,8
gAq0iv5oaMkEt3eD2c9V,8
Dtfl1zhqCkGNSbmcaXW2,8
Jfu93PoWxGywDBjl0A5I,8
8sNQwJpT43ohCx2MjHaD,8
1mlhNbQOFU0VtAP8ZJBk,8
EC32VKxBYp8ckZl5joqb,8
GnTwHMeljN8m3PvWBdLQ,8
j1bM0nfqksmQ3X5epgau,8
J8BlM3NXxq4LzIsrGVPD,8
AUHE2QB3peXGCJ5FMcK0,8
EZGSdcyL3bCHQaFDNo7n,8
7Upjf5qMRYvm0HgrQeFZ,8
EiqWaKH5VdGBc2QnfO8x,8
1ARrSUKCbhWeTFyjp4ix,8
HFmO61wz0XELgktWIaRl,8
JgtDMQ8WuhPiFxBnalL5,8
5FpUhdG3qXbnLxSuYy6J,8
d6D27zlaQs4EWPKkVHvB,8
1iTgmuEOkVaUnhClz2JL,8
2LfPBwRadN3TulW86pvO,8
HweGIBg6YCTVOnNvak0F,8
KD2jHtg0IGAX46qF8PU5,8
aUmP973tLZCuYV5Ace8J,8
Cv742oSZumb1kGIU8YBN,8
5HlDjF2dx8sJfcbeR6BW,8
b8yqURFwVf7KdLlH64TQ,8
dONo5qIgbC4PZ9yW6QSl,8
GlduQtUf3I1hAWYwyFLs,8
gtiofz9cBwuYCHjyJTdK,8
hvnbNWILJC0gj57wy8KM,8
9MAtXYCG3brN6auwUjQO,8
Ib5eiMc7tNOUylwFBLvx,8
DZvJ1nBiqaL34YSwo8k0,8
HtlDexkruVqzoW5aGpIv,8
glnkDGXbTaC17YL3JviW,8
eCiN1Lzs8tIjdrxMQ2PR,8
2cf8jvWxmkMu6s10zbqN,8
hP6lGov9R0eVci5QyuYS,8
ckHjaqOLs7rN43tziuvQ,8
e9s7YLjiN4Vt0Ia6FhU8,8
IRp87lKaGeXTkBtJS6ji,8
e0fdQp9N2PYB5ShZy4GD,8
I9Fsn3j0vud75iUrtycq,8
7XDnG9SaVHiPIolA8KQW,8
Fe0RwyGuONtrH5mJpAx6,8
7UFMw39SLs8Qn4RuIY6W,8
5sLXK39w4fkSzAVi1Q6U,8
2p9Dqri6aAzO5yVhQSLX,8
fpvS27qDbM1As89XG0JW,8
CuREXdrp4OWhe81TNwUq,8
iK503zvsIBnMQAwmgHux,8
1JiaRhjycfZb8BpmX4TM,8
Gx3dKXvNTwWPFM8oZisj,8
CWuq8TUdkQPBJOc40znp,8
8a9wtuvyTULYfFjWMIZo,8
BOeTymAhdfoYM23aj5Xr,8
iFBGbfdVOylxsNM2LRm6,8
hbrnNtGHS4K8QFIy9jd5,8
ET2LWQHiv7RSIJd0bAsC,8
1fJVGN3On0l7kRohcF2E,8
g1Uw2y9I4EX83msAMQcK,8
FQv3gdPzs1ayVCXuYcWR,8
9nm0PiOyw5X6RgU3HQVC,8
hIDK0p1PAiJdL87CzG69,8
D9XrA6kMy2sh8ZYnjqiT,8
9Ze3Os6Ko7ATfMXLqywN,8
1sOzen4EwI3a2UkSJmT5,8
bROPgBf8pYcSud4Ejeml,8
GVHXY92sLJm84SIpoOQb,8
DTWtmMOnSVQ6L8KxEwba,8
3QvRB7xD6n9kNutKOYAe,8
7AJMbxOIN3YyFnjg5oDR,8
7P3A5vpdRa86qQlLHJUt,8
h2KnxiqVodPEjrCGuF17,8
HLqwFIxJdXODg4pQm5Wu,8
DW4JTXzdAu08aLeQOFPt,8
EHtqirucvwIPnKAokO3d,8
0RlWbvBk9rEtVZ74KAen,8
c3NIGVYlvrJjeoThpCxy,8
91fA2w3oR6kHsgEjVYpv,8
cXdSgbQMu2Epl9A7WrNs,8
19emSiJG8vrZgT2zXEIY,8
iYRmKWHhed3jLEnZ1tTG,8
iSUhzuAXpcy1ofT7xW0d,8
7YDNgzbXFZ602ipeSTEl,8
iUQAHhE3TKRjagWtFdJk,8
AjcG8xW9vROyTZ5Y4Ukf,8
2ISirUkfPhltjXVQ86Ge,8
6z8BRNc5EJetqCs4kZYl,8
3lVFreCQGTEnZyYs1Iiz,8
1dJWqVSQnsAKBXNkgy6j,8
G1t0leJo7ju3MPWwyLNv,8
IuXvyBcm6zkGDM3KUiCZ,8
5R7IHhyprqkta0CJVLdF,8
2TaBCxc4msyVU5YDRuOd,8
Ie0N6f1waoAFpLimyJB8,8
0XrH26wcU1ASsvK5ZqhD,8
5on0vBVifE9Q6sA841qh,8
gpQPsBn4Hc6uoxmFbYU3,8
HmNZrjpJtMXGi9xS6ukW,8
KLaDWc2xvMJOdo87b9Zf,8
jEANkOKRWMIL6wDP4elt,8
7bjNgtZXIdEuY3xCeqKW,8
IclMG0JOehWLQzYdwjf2,8
fJRYcZ6pEjGS2XDiNvI1,8
dKNk2oDiqevnRTsgCmG0,8
DS3nJylYKdXQp7wbghk8,8
cjqmJyeWVnKas93wxk5t,8
JTBs86W3jgorMUAclIvF,8
2ydtPK1XCYeBqwSIcRGZ,8
Hzp7ZcoRLDXWSdqvP5kY,8
78mbJ9OKHRUSCPTk5hlw,8
jtYbD4hFRPECf6VL09ol,8
bfLJgRso5yNC2ZUdHpPl,8
fuTc53X2xaYiHtpn0M6r,8
axoyhOeIrvZztVS1b7N5,8
Hart39NkLlB6RAbq5w7Q,8
HXoz2NOQtTgJ04RsL5ME,8
aFjtGgxzWAseZRiLJK8I,8
D8QpUKHJdcvE9WVPXs2w,8
iYEh1qlTSkCorw8bUnt7,8
bKHofVDm516JRGALsWei,8
Cvi1y2efF0AhORZ75uNK,8
axWR038AmVMhjZOcF6nT,8
27sRSvhiI1wEBfnGMtUo,8
1esMpo6SAPHiTUGEb3Bt,8
cCWp0Na4JxjTOXVw6q23,8
7tDpNPXUISleJCkZQjr9,8
Ad4GW9FZuaM8iqzoV6N5,8
g32G8fcexHD0Cn76tzwJ,8
1BM4l8DCZmSpoYwE9Qcv,8
COdQXbslFapMY0rnNTLE,9
C1Dr4KzRJ2pN0jqG8lAI,9
gak4Zc3ztRCB7NDUIXh5,9
6Ly7GnlwtNuax5JTX0Zo,9
Bgd518FpSGfwvekMYxUR,9
6Jiw0HZgfQ8PvGCtsxDS,9
294DyEi30U6TVeFSrClm,9
8H34IhqQL21VOat7CSdK,9
IR9X4vYJ6OkpueVC5gN7,9
J9EgXeHbB5VaD23i7rhN,9
AETUf8w09lXt4hPNSJeO,9
aWXfqViyPYSJHGwOeM07,9
deou4UEvA59Vi2DZySL8,9
dwBCl7xMSWvqFiZcJ1am,9
0gcZkSFr7VnEmLPbTxUe,9
4e3mraTBH6EvMYXyUVtp,9
4KhBDXeMgWo3OfRsyGj5,9
6LGpjCQ1OTJlvxRH3m97,9
3Oy1Wo7T0QxYILi8mlVg,9
gYwxOvVuz0yP4SHBkeaL,9
GNHUoTAd3etcxL1M0WbS,9
EfScYk5oVPw4Jxni2s3b,9
hLfB8arbs4nmcx6tPAJz,9
2PESUlOCzXpa46su0DeY,9
AgfxJMKRqbt0SnsjN2yQ,9
db03PLecsviEz6TMZCSn,9
95joqyVh0gaeEIbrv1BA,9
fYPiBmrFC1NuG3MU0Wvo,9
3Phx7vzOcFAjZLtXSnmN,9
2AloO4fCXKL9DnYdeQUP,9
DcS9t6ymEZvnNu8rx4C7,9
8BzIhwWAx031ErlbLuZ9,9
hIkK1vBdj9fDJPcUWzA8,9
JlhVH357f6XkT2EsP4DO,9
HYtGu34oz0UImZWDRqar,9
7Qx5U3phNBIMglLwV9PS,9
0CPaAXtyswrBq83D6VEg,9
iFo3vjktnyErwcb76DAK,9
9CYFq8BMeELSXsZ7Ubpx,9
JQHf0c52agNmervIpCkT,9
JsTBaYEw5hQAC8kzcUMx,9
dJ326HRzYfn0DZIPhjMv,9
0QIZ6hemJLErWdFlGnCc,9
AkqER5MCoYvp4mBzWgD8,9
anpXsbFtcGLq4oE9KdiS,9
8VrlyPxXiEU2Bwg5ce3Q,9
ghP9Fz6SMXUvwxLjQrIq,9
9CNTobS2LlmuWiK8V054,9
czBpmyW2hKAiGLDbv0Uq,9
7rFfuChDjeTMzdLVYJgW,9
f24LYERrzHcmbkXQG9nw,9
FymVrLMSdXp8OGYjIbav,9
502xXcWOnqet1TrUmPBi,9
glvVJTocrt1M7ZpKI8ju,9
CJTezukAoORBNh0QxUMa,9
KFrZ0Lop1WDGwUtkusCi,9
9mNHweEF0uTPbRcyLMG6,9
FWhXBxORyrDzpVAg4lTj,9
d9Ojb8wkYFnaEDUoilxv,9
3OnykHo5geP1NAf6WVIw,9
d69TJVnLQBqZCIaY2o3E,9
JBGVawO7uqtxM103PbNy,9
3mCGDSjRVxpeoaYXLfc9,9
AUMy0gtvXYK74RT163ie,9
6U1ZRnLGvyg9iNFYwt7I,9
JqRujNbmhKvsxnfrTPwI,9
jruhTVpPOJAywFSdmcs5,9
Fak63AcdS2zmGYv5bpsN,9
GgmARFo3WxUZ0KzuCM15,9
F8Vlm6LJMgyE50a1xbSX,9
g1lGzN3S8fPhx96QVbE7,9
d2NmrintQ1WvMlfRGZ4I,9
DrNO6fVRJLoqYK4Bkdy0,9
8zMCrYOyB17UZ2jxWJQG,9
HiOWw8CRpay9fEM63KLs,9
iugDTFftkUxZAWcBwCYI,9
EMo7F2Xe8pgWKZfwhHuV,9
CdYceuLQB6SEz03mNGbD,9
FQv250xqPrBlk1sSToYE,9
6WKJVBFk5INU2q7RLDhY,9
DCZeMryOtKQxBgW58UYo,9
FZhGnySKIx4prT8YmNWR,9
1PBLNzoZlUuWEvAt8MHq,9
7iEfJHXeGdvRDhx364nL,9
2HAvl4QhqKBGu8cWedtY,9
CL7wiUdlhOvgaJesfrmW,9
DnJFtCH7gTMIvWYlAxcN,9
GD7JUv1IfRuHpneMKaYc,9
8w2sWctxOpoIH7VbFREX,9
dGgtMk8JPAlFje3CHIqW,9
jCXhwVO4ZdNqA9fHauDM,9
3NctGxP1CHAqdXWho2F9,9
AmcBv7pybtl9szISEoGi,9
6clgd5HFw0tKkaLbq9AU,9
5i3dyOv9GDKJuCVHF0q1,9
hEetyRmw4z6TGj23791i,9
C6LTXpH5NeQd3yRBGz89,9
EJ2ZomyQW0zLdbxTGVvj,9
8hVSAMrvyzbTGDIKcZnm,9
dOg1eCFnMbh7DY2p4ljJ,9
01jsnpXSAlgw6aPeDxrU,9
IgwEeaAG0iZjLbVQz2n4,9
gflVXx947YuhyPKmJUG5,9
C3ZfGBVmThlcWFQDEMvw,9
FNk5ufg4GxHDLUpeOBmo,9
jOPwcHh7kyFaB4Yv8SMU,9
b3gxz6Za90hDwpY5oFiC,9
8wSjurzyd3Z1UfgFJe6h,9
5XdoJQTAk3Ltu2PONwgC,9
FNiG6lYdyzwD5fLUoOvC,9
dETSCuIZDapLP9AlJ7o6,9
cb53LHRYAJk6M1XZgusC,9
9wlJkWZvER0NU5mTgdzi,9
GPAypQZ0LH7rD1safnMI,9
4KAfN3s7MPajdn5ecCIG,9
gyqaKWGEz18V2N73swJu,9
cYQ7s8Kei2VALkgHlJGb,9
2naY3OZxS1g8HTqE07ew,9
deVSk7LFDw5r1Ihq43GZ,9
7zhQTZd1lrYEpxaCNWv8,9
1XtkeS5VmHTrwaRGAzMh,9
Jkp4jA821MuFmbZU6xRr,9
gCsQ8mXFHB36S5Ltrhpw,9
5xzgeU2r1OAauHDEjRZT,9
6QWh10fPM4EYicpGBvlL,9
aoDeHLArcPENpQZqG5J9,9
9S0BkrXNCxIEbgq4HGc3,9
38EVbc5UfWMGPp1XHR7v,9
aORXG41yvEDJcbFNfxPw,9
6qx5KcpelROjwUVJS01I,9
C5RGotXVrOxI3Np8g10A,9
2SuEocCLvdekmN1jJFzI,9
9YZifGvUnpdBhV3K4eOI,9
3L9crexw581VMXajnsmB,9
AarFhLo7SgGIEU0fHzQn,9
GKL3rD2YSf9xiXIPzeb6,9
aZ90qrU6kB3DzFwTVb7o,9
BC9hzqbTa0OIsePYiND6,9
H0evJ1QxsltOCmkDaTGr,9
Fe4yEv8HmfLTBQuigKC6,9
ctum3yBP7pIQ1W4U96Zk,9
C1eapL4ozVSUfj9NKDA8,9
b7lZgrI94Bp3XMOf6vuJ,9
ELanoVlRXbYv26US0T8r,9
8aMHw0YO5ILJ97eduP1C,9
hxza7D1ItdKu3bNUXRly,9
gBUSDYdZqJMGCQuzWTrX,9
ETH8lrLD7Yx05Wu16hcK,9
8UhJWnK6pLDHAP4gt02r,9
JonIk6ScNpZM7WgFzm1D,9
1roh5Aw0ELDKyeu6GkIt,9
iPtRTr5EZ4bQljzKXYcJ,9
CO3Nm5IQgVl02ATRZiWo,9
CSrozOlLw7i4FR5hbaEn,9
Fhdbq2nojZ3pKWlHgrIQ,9
1EDNRfXhHWl7txAOdycU,9
3cG5wXTa8pRN7ObFtE4K,9
2gXZWDA3VeTPr1I7pjYa,9
2rRK7lxiQhSD4B6a9uEI,9
FMPeAL6nU5cydWakE7pi,9
ezUIPLcrOXBlw1mkTtQZ,9
1wzULSbfxGolZhD4XIAs,9
BC0rTwWDXEkphdavQzK1,9
JTahAZvbOyoMYkfCjic7,9
365qzFMSdZmIU1YbfoAx,9
6rH4RophlktZL3Cwefbu,9
7TOAFQ4IL2oain9Z1DRq,9
Ig1i5EH0LuGCcQpZPmBR,9
1Z9IPyxXu7q8VlLTRHNG,9
eCFQTgkih9lsKtoqIAj1,9
FpfoxH3CNAgl9iBY5naM,9
9yEnJoLOWURsBbt2FivP,9
7UJTAcmd85jRz0VitSof,9
GolUKPReSvZL6pHkM14t,9
cEBAiJxOMukDCGoQXvqn,9
IWwBaxyoTQbklN6CDG3h,9
3Jf94PIUvg8pCqLXKzEa,9
91GncYPQHMUTaSuZBqxJ,9
9d3mFhrqe5gtuLE0ACOf,9
GpslYfT8v4PVtUNKrR0I,9
2v8l9FWbJZg4G7MCNB6r,9
dRYGQSA8TrmIPtabWNeu,9
3BwvQWhe4kXgPqYrKLCt,9
0Xm5sqBgQASUyFui2kbH,9
ASDe8bT2BYWLwnOmqFJX,9
bzjwRuiFHZyUTeNvCDB6,9
HvLeFD0ARQ8bmGzcgaP6,9
HQsxB8eSMlgV9zIPtvWC,9
ixblgAhzj1nEso30pr5V,9
972muzardTq3IUKHODvP,9
7VDXpaLOwvIh1KSN5MmG,9
IhRZjKUCrAsfvkJQcyuB,9
7fXZ2Kd5Ak1IjHo04g9Y,9
0gWUIudhwovMYb3NSnZA,9
2tqQkycVPSxIRGuW3wnh,9
Ce6ZVRzOT907NYXBqD4r,9
3pNQ4kCvMSceHP7YzqKa,9
hmY7rw8RQvMxGI6UOptX,9
hl5wNixcfnCgEjp324sT,9
eLpFR90TBvsmGfQKPSuj,9
